{
    "msg": "This means that AFTER 0 matches, the probabilities of qualifications was this",
    "0_msg": "Actually calculated for 0 till 49 matches, though the qualify chances was exactly same, and will likely be like this even for upto 56 matchess",
    "0": {
        "CSK": 54.91334887746774,
        "MI": 54.91334887746774,
        "RCB": 54.91334887746774,
        "SRH": 54.91334887746774,
        "PBKS": 54.91334887746774,
        "KKR": 54.91334887746774,
        "DC": 54.91334887746774,
        "RR": 54.91334887746774
    },
    "8_msg": "208.81851s; Total Iterations: 3392479353",
    "8": {
        "CSK": 54.77761682706064,
        "MI": 54.73468589059631,
        "RCB": 65.88445533979281,
        "SRH": 43.98852377819436,
        "PBKS": 54.576895175290886,
        "KKR": 54.650210824431944,
        "DC": 54.842794649403324,
        "RR": 54.570349754714954
    },
    "9_msg": "172.54515s; Total Iterations: 2774208792",
    "9": {
        "CSK": 54.8619554527749,
        "MI": 61.28105555485423,
        "RCB": 65.9348120237935,
        "SRH": 37.88893138541027,
        "PBKS": 54.646314372476944,
        "KKR": 54.71169825129116,
        "DC": 54.87754618598214,
        "RR": 54.6437460067735
    },
    "10_msg": "140.99997s; Total Iterations: 2279628725",
    "10": {
        "CSK": 54.74092503710288,
        "MI": 61.14519904523002,
        "RCB": 72.9197452467858,
        "SRH": 37.75311938710487,
        "PBKS": 54.570382080811655,
        "KKR": 49.1419370400315,
        "DC": 54.806146891425975,
        "RR": 54.564138186382785
    }
}