{
    "msg": "This means that AFTER 0 matches, the probabilities of qualifications was this",
    "0_msg": "Actually calculated for 0 till 49 matches, though the qualify chances was exactly same, and will likely be like this even for upto 56 matchess",
    "0": {
        "CSK": 54.91334887746774,
        "MI": 54.91334887746774,
        "RCB": 54.91334887746774,
        "SRH": 54.91334887746774,
        "PBKS": 54.91334887746774,
        "KKR": 54.91334887746774,
        "DC": 54.91334887746774,
        "RR": 54.91334887746774
    },
    "5_msg": "Time elapsed: 520.5043s; Total Iterations: 6015745940",
    "5": {
        "CSK": 49.268413011369184,
        "MI": 54.69675043240086,
        "RCB": 59.59189894519542,
        "SRH": 49.391133458343035,
        "PBKS": 59.12243077126041,
        "KKR": 54.537190670235425,
        "DC": 59.61456419180945,
        "RR": 49.35925695245187
    },
    "6_msg": "Time elapsed: 372.6045s; Total Iterations: 4966115737",
    "6": {
        "CSK": 49.20003459111577,
        "MI": 54.62683926999195,
        "RCB": 65.72749620004204,
        "SRH": 44.03494448721374,
        "PBKS": 59.166210208581546,
        "KKR": 54.56743036330665,
        "DC": 59.66962455840547,
        "RR": 49.313301673405114
    },
    "7_msg": "Time elapsed: 393.78357s; Total Iterations: 4966115737",
    "7": {
        "CSK": 49.20003459111577,
        "MI": 54.62683926999195,
        "RCB": 65.72749620004204,
        "SRH": 44.03494448721374,
        "PBKS": 59.166210208581546,
        "KKR": 54.56743036330665,
        "DC": 59.66962455840547,
        "RR": 49.313301673405114
    },
    "8_msg_repeative_graph": "Time elapsed: 393.65714s; Total Iterations: 4966115737",
    "8_repeative_graph": {
        "CSK": 49.20003459111577,
        "MI": 54.62683926999195,
        "RCB": 65.72749620004204,
        "SRH": 44.03494448721374,
        "PBKS": 59.166210208581546,
        "KKR": 54.56743036330665,
        "DC": 59.66962455840547,
        "RR": 49.313301673405114
    },
    "8_msg": "208.81851s; Total Iterations: 3392479353",
    "8": {
        "CSK": 54.77761682706064,
        "MI": 54.73468589059631,
        "RCB": 65.88445533979281,
        "SRH": 43.98852377819436,
        "PBKS": 54.576895175290886,
        "KKR": 54.650210824431944,
        "DC": 54.842794649403324,
        "RR": 54.570349754714954
    },
    "9_msg": "172.54515s; Total Iterations: 2774208792",
    "9": {
        "CSK": 54.8619554527749,
        "MI": 61.28105555485423,
        "RCB": 65.9348120237935,
        "SRH": 37.88893138541027,
        "PBKS": 54.646314372476944,
        "KKR": 54.71169825129116,
        "DC": 54.87754618598214,
        "RR": 54.6437460067735
    },
    "10_msg": "140.99997s; Total Iterations: 2279628725",
    "10": {
        "CSK": 54.74092503710288,
        "MI": 61.14519904523002,
        "RCB": 72.9197452467858,
        "SRH": 37.75311938710487,
        "PBKS": 54.570382080811655,
        "KKR": 49.1419370400315,
        "DC": 54.806146891425975,
        "RR": 54.564138186382785
    },
    "11_calc_msg": "Time elapsed: 103.87899s; Total Iterations: 1872651626",
    "11_calc": {
        "CSK": 54.69566302171663,
        "MI": 61.13537981626634,
        "RCB": 73.05171503180473,
        "SRH": 37.63445865749537,
        "PBKS": 49.027253072958935,
        "KKR": 49.10303227669872,
        "DC": 61.33897777191951,
        "RR": 54.56464276472761
    },
    "12_msg": "Time elapsed: 87.06762s; Total Iterations: 1532473621",
    "12": {
        "CSK": 61.22874448844404,
        "MI": 61.207460896855494,
        "RCB": 73.10497696936537,
        "SRH": 37.51768058358392,
        "PBKS": 49.02617463247709,
        "KKR": 49.07114382099061,
        "DC": 61.307550116240606,
        "RR": 49.02617463247709
    },
    "12_calc_msg": "Time elapsed: 81.09607s; Total Iterations: 1532473621",
    "12_calc": {
        "CSK": 61.22874448844404,
        "MI": 61.207460896855494,
        "RCB": 73.10497696936537,
        "SRH": 37.51768058358392,
        "PBKS": 49.02617463247709,
        "KKR": 49.07114382099061,
        "DC": 61.307550116240606,
        "RR": 49.02617463247709
    }
}