{
    "0": {
        "CSK": 54.91334887746774,
        "MI": 54.91334887746774,
        "RCB": 54.91334887746774,
        "SRH": 54.91334887746774,
        "PBKS": 54.91334887746774,
        "KKR": 54.91334887746774,
        "DC": 54.91334887746774,
        "RR": 54.91334887746774
    },
    "1": {
        "CSK": 54.05666528403499,
        "MI": 49.293953778478915,
        "RCB": 59.37190466167353,
        "SRH": 53.88685085082332,
        "PBKS": 53.88685085082332,
        "KKR": 53.88685085082332,
        "DC": 54.10391314126498,
        "RR": 53.88685085082332
    },
    "2": {
        "CSK": 49.27541258105368,
        "MI": 49.27541258105368,
        "RCB": 59.45948939435265,
        "SRH": 53.93080825263304,
        "PBKS": 53.93080825263304,
        "KKR": 53.93080825263304,
        "DC": 59.45948939435265,
        "RR": 53.93080825263304
    },
    "3": {
        "CSK": 49.28085542718211,
        "MI": 49.28085542718211,
        "RCB": 59.53632678584165,
        "SRH": 49.38033190508352,
        "PBKS": 53.9716872148237,
        "KKR": 59.006438243171935,
        "DC": 59.53632678584165,
        "RR": 53.9716872148237
    },
    "4": {
        "CSK": 49.286076390768855,
        "MI": 49.286076390768855,
        "RCB": 59.61582252163146,
        "SRH": 49.38393910165304,
        "PBKS": 59.087784962347975,
        "KKR": 59.087784962347975,
        "DC": 59.61582252163146,
        "RR": 49.38393910165304
    },
    "5": {
        "CSK": 49.268413011369184,
        "MI": 54.69675043240086,
        "RCB": 59.59189894519542,
        "SRH": 49.391133458343035,
        "PBKS": 59.12243077126041,
        "KKR": 54.537190670235425,
        "DC": 59.61456419180945,
        "RR": 49.35925695245187
    },
    "6": {
        "CSK": 49.20003459111577,
        "MI": 54.62683926999195,
        "RCB": 65.72749620004204,
        "SRH": 44.03494448721374,
        "PBKS": 59.166210208581546,
        "KKR": 54.56743036330665,
        "DC": 59.66962455840547,
        "RR": 49.313301673405114
    },
    "7": {
        "CSK": 49.275615383304014,
        "MI": 54.71110018060477,
        "RCB": 65.85785163018049,
        "SRH": 44.043205990885866,
        "PBKS": 59.215561155265185,
        "KKR": 54.638161477871286,
        "DC": 54.88309563273091,
        "RR": 54.536605019632454
    },
    "8": {
        "CSK": 54.77761682706064,
        "MI": 54.73468589059631,
        "RCB": 65.88445533979281,
        "SRH": 43.98852377819436,
        "PBKS": 54.576895175290886,
        "KKR": 54.650210824431944,
        "DC": 54.842794649403324,
        "RR": 54.570349754714954
    },
    "9": {
        "CSK": 54.8619554527749,
        "MI": 61.28105555485423,
        "RCB": 65.9348120237935,
        "SRH": 37.88893138541027,
        "PBKS": 54.646314372476944,
        "KKR": 54.71169825129116,
        "DC": 54.87754618598214,
        "RR": 54.6437460067735
    },
    "10": {
        "CSK": 54.74092503710288,
        "MI": 61.14519904523002,
        "RCB": 72.9197452467858,
        "SRH": 37.75311938710487,
        "PBKS": 54.570382080811655,
        "KKR": 49.1419370400315,
        "DC": 54.806146891425975,
        "RR": 54.564138186382785
    },
    "11": {
        "CSK": 54.69566302171663,
        "MI": 61.13537981626634,
        "RCB": 73.05171503180473,
        "SRH": 37.63445865749537,
        "PBKS": 49.027253072958935,
        "KKR": 49.10303227669872,
        "DC": 61.33897777191951,
        "RR": 54.56464276472761
    },
    "12": {
        "CSK": 61.22874448844404,
        "MI": 61.207460896855494,
        "RCB": 73.10497696936537,
        "SRH": 37.51768058358392,
        "PBKS": 49.02617463247709,
        "KKR": 49.07114382099061,
        "DC": 61.307550116240606,
        "RR": 49.02617463247709
    },
    "13": {
        "CSK": 61.183363530009416,
        "MI": 55.32277108555208,
        "RCB": 73.24210748861057,
        "SRH": 37.280752763071035,
        "PBKS": 48.9011724965738,
        "KKR": 48.97944381101097,
        "DC": 68.94560698060597,
        "RR": 48.9011724965738
    },
    "14": {
        "CSK": 61.530473167921166,
        "MI": 55.64286128765813,
        "RCB": 73.61120348968602,
        "SRH": 42.688000530835694,
        "PBKS": 42.6732341596774,
        "KKR": 49.19732051302592,
        "DC": 69.32876480141938,
        "RR": 49.184417231795166
    },
    "15": {
        "CSK": 69.25191636025684,
        "MI": 55.69727511318662,
        "RCB": 73.69783667444223,
        "SRH": 42.62637139936782,
        "PBKS": 42.51820844788853,
        "KKR": 42.571797694247095,
        "DC": 69.35068854138788,
        "RR": 49.11765883636245
    },
    "16": {
        "CSK": 69.295916681602,
        "MI": 55.59100250943973,
        "RCB": 81.52482620918236,
        "SRH": 42.398687238098375,
        "PBKS": 42.383602367340764,
        "KKR": 42.34963688105262,
        "DC": 69.53314930114863,
        "RR": 42.32091590435538
    },
    "17": {
        "CSK": 69.70928588748426,
        "MI": 48.67008992420042,
        "RCB": 81.76369528740923,
        "SRH": 42.606136410848066,
        "PBKS": 49.10214621943619,
        "KKR": 42.57438123287896,
        "DC": 69.83041394610639,
        "RR": 42.47637427835721
    },
    "18": {
        "CSK": 70.04696545551494,
        "MI": 48.9838518769406,
        "RCB": 82.1022584293658,
        "SRH": 42.856703615137405,
        "PBKS": 49.3073918705203,
        "KKR": 35.12243545012841,
        "DC": 70.24858036983836,
        "RR": 49.19092897813833
    },
    "19": {
        "CSK": 78.32770385391086,
        "MI": 48.51386544174893,
        "RCB": 78.2788697503113,
        "SRH": 42.25567679082565,
        "PBKS": 48.76864312339584,
        "KKR": 34.517334888497174,
        "DC": 69.90374066670671,
        "RR": 48.699080199903435
    },
    "20": {
        "CSK": 78.41138349031101,
        "MI": 48.37466298409356,
        "RCB": 78.56170236604729,
        "SRH": 34.27919278021228,
        "PBKS": 48.673253297242695,
        "KKR": 34.295812377287085,
        "DC": 78.62278761061947,
        "RR": 48.55534441425035
    },
    "21": {
        "CSK": 78.89149881640873,
        "MI": 48.861271455869705,
        "RCB": 79.17521324748071,
        "SRH": 34.60916957610999,
        "PBKS": 40.74390819824891,
        "KKR": 40.82046957278824,
        "DC": 79.16841677622607,
        "RR": 49.029574265544035
    },
    "22": {
        "CSK": 78.56831479526718,
        "MI": 48.40320553377392,
        "RCB": 87.89158113367951,
        "SRH": 34.11925472931036,
        "PBKS": 40.09616929139021,
        "KKR": 40.22873722605404,
        "DC": 74.32049628255226,
        "RR": 48.59516985851407
    },
    "23": {
        "CSK": 87.83448239842997,
        "MI": 48.31833758866792,
        "RCB": 87.96041994436308,
        "SRH": 25.040476431888337,
        "PBKS": 39.86168092748147,
        "KKR": 40.089513435606534,
        "DC": 74.38302468547724,
        "RR": 48.474050851702046
    },
    "24": {
        "CSK": 88.02982181788545,
        "MI": 57.44594068576513,
        "RCB": 88.16068545100755,
        "SRH": 24.878899537819976,
        "PBKS": 40.032396748100005,
        "KKR": 40.19028420166127,
        "DC": 74.60081896024776,
        "RR": 39.98468986226288
    },
    "25": {
        "CSK": 88.08952113809183,
        "MI": 57.32125266010364,
        "RCB": 88.39153346323867,
        "SRH": 24.579614414733946,
        "PBKS": 39.66903877263251,
        "KKR": 29.772040742839344,
        "DC": 85.64243530325182,
        "RR": 39.678628932844276
    },
    "26": {
        "CSK": 87.85596586835923,
        "MI": 56.912723955288904,
        "RCB": 85.31469543735042,
        "SRH": 24.21321832504329,
        "PBKS": 47.569001182847884,
        "KKR": 29.40802116994408,
        "DC": 85.31469543735042,
        "RR": 39.300077684706245
    },
    "27": {
        "CSK": 84.55308066438202,
        "MI": 67.04508394680431,
        "RCB": 84.71692633412309,
        "SRH": 23.51195827692221,
        "PBKS": 46.779618925227055,